Title,ViewCount
きっと - うしお ft.可不,733
夢で見たような / 可不,434
Can you hear me / maga feat.可不,5333
雪月狂花 / feat.可不【オリジナル曲】,10657
【可不】サカネモノ【オリジナル】,182
【可不】寂しい正月□【オリジナル曲】,57
なんてね / 可不,119
孤独 / 可不【kawa】,302
君へ送るありきたりなラブソング / StarTrine feat.可不,400
枯椿 / なみぐる feat.可不(KAFU),5707
*Natete. - crocus feat.可不,795
【可不】前世で徳を積み忘れました【オリジナル曲】,234
Brand new world / OWAKARE ft.KAFU,609
【オリジナル】マイデスゲーム feat.可不 / かわうそP,249
堕天使/初音ミク、可不,460
凍えたままのラブソング  / 可不,88782
可不　「目に入ったシャンプーと生乾きの髪」,120
このまま feat.可不,21416
もしも言葉が魔法なら / 可不,231
【可不】セルフディフェンス【オリジナル】,83
【可不】からから【オリジナル】,122
スパイダー／可不,253
そっくりさん(Look-alike)【可不】【オリジナル曲】,70
『アザミ』feat.可不＆初音ミク,173
『晴音』feat.可不,135
Prayer/武辺　進,90
歪慾望(IBITSU-Appetite)feat.可不,140
壊れてしまえよ/コウ feat.可不,333
"戻れない夏の青さが漂う夜へ / しゅた feat,可不",225
anesthesia - nino feat.可不(KAFU),1813
レンチンガール/可不,199
appy feat.可不「栽培」,30361
【可不】暴徒★お天道様│オリジナル曲,1738
落下世  /Yatacrow feat. 可不,158
十日の菊【可不】,102
シニカルディストピア / Flower・可不 - Fty,28540
カイナシデプス / んべべ商会feat.可不(KAFU),68
可不「遊び足りないわ」/ VUG feat kafu,294
きらきら☆魔法少女 / 眠飴くすり feat.可不,5112
食う寝るふたり / 可不,6913
【初投稿】アナザー　可不,468
ITAZURA / OWAKARE ft.KAFU,541
わたしは天使になれなかった / 混乱ねむり feat.可不,2961
花衣 -ハナゴロモ- feat.可不,155
アルマ / feat.KAFU,183336
花と氷 / Rich feat.可不(KAFU),2617
【MV】ねぇ好き？ / 可不,2141
カレハテル / 可不,2052
薄雪葉 feat.可不,228
リラ/可不【オリジナル曲】,144
Mr.goat / 可不,180
グッドラック・ジョーカー feat. 可不,228
Get Back the Future / YoKo feat. 可不（KAFU）【オリジナル曲】【ボカロ曲】,178
オーバーナイト・ポンダー / 可不【初投稿】,15949
取捨選択 / OWAKARE ft.KAFU,530
春の全能　/　可不,342
好きはありえないの3乗。 feat. 可不 Kafu,719
夜の自販機 / 可不,14212
【CeVIO AI】ユキドケ feat.可不【オリジナル曲】,90
ひとり占めしちゃう / VUG feat 可不,259
「僕はもう充分大人になった」黒咲 feat.可不(KAFU),65
【可不(KAFU)】『誘惑惑星少女 (feat. 一二三)』 - Solaris Clock MV,38721
擬似幸福 / Pretending to be happy - 可不 [オリジナル],1616
バブれ！ / OWAKARE ft.KAFU,521
カーミラ / 烏兎徒然 feat.可不,621
不可解/ても　feat.可不　［オリジナル］,155
雪ノ降ル日 feat. 可不【 Chami 】,1248
エナガール / 可不,8577
シオン(feat.可不)/Project:NI_R,364
譜間宵 落花 - Myth・θ feat. 可不,162
【作曲1年目のド素人ですがオリジナル曲を作りました】君の碧 feat.KAFU,354
NoneVocal 君の碧 feat.KAFU,114
ボーダーレス・ナイトメア / もでお feat. 可不,3175
雲外蒼天／373 ft.可不【CeVIO AI】,232
ルラレル／西憂花 feat.可不(KAFU),13236
スノーウィーメール / 可不,420
[Lyrics Video] 可不 KAFU - no more teen pop(CeVIO AI Ver.),73
独占欲(remake)/feat.可不　※再up,287
春に/モノオキP feat.可不(KAFU),212
鏡をみたくない - 可不,1317
瑕疵 / 可不(KAFU)【オリジナル】,65
パラノイド /Yatacrow feat. 可不,280
【可不】星一つ飲んでいる 【オリジナル】,215
電撃感覚 feat.可不,508
【可不】生と死を科学する【オリジナル曲】,5695
知ってしまったんだ /  Gamio feat.可不,297
ツィ / コウ feat.可不,6531
自問自答 feat.可不,268
サイコな女／可不　KAFU,1018
みにくいアヒルの子 / VUG feat 可不,482
はいはい / 可不 - 青屋夏生,36082
【可不オリジナル曲】エモエモナイト,2405
マイスリー/可不(KAFU),2696
タイムマシン feat.可不、紲星あかり/水卜ミト,872
can't find / OWAKARE ft.KAFU,1538
【歌ってみた】AM5:00/アオバfeat.可不【無音】,27
夕立に泳ぐシトロン / 可不,1597
おしあわせに♡できない / 眠飴くすり feat.可不,1441
可不　『いいね！』　もだまP,159
不可逆の魔物 / 雄之助 feat. 可不,19088
ライフレコード (feat. 可不),199
『あなたを忘れない』ふうfeat.可不,328
bon voyage - 可不（オリジナル曲）,2284
まゆごもり / 可不　【ど～ぱみん】,28382
アラクネ / 可不,251
【可不】問う【オリジナル曲】,335
緋色ヒーロー ft. 可不,47
孤のまま、夜。feat.可不 - YoJi no Oto（Imitation Joke）,115
可不 / evol,153
【初投稿】MeltyMelody /らぐらぐ feat.可不【オリジナル曲】,78
ゲラゲラゲ/可不,193
蚊取り線香と君と、夏の終わり /葉月理人(feat.可不),135
可不 - 僕は誰なんだ　【オリジナル】,481
ハニー・ドーナツ / YoKo feat. 可不（KAFU）【オリジナル曲】【ボカロ曲】,164
【初投稿17歳女子高生ボカロp】メンヘラ狂騒曲_可不,107
エレファント・インザ・ミュージアム。(short.ver)feat.可不【A4。】,4562
Tell me why / 可不,4190
【可不】餓鬼 - カリカヌル女子子【Remake】,323
桃源郷とネムリブカ / いち野 feat.可不,2668
いっしょにおわろう / 可不,338
不時着 feat. 可不 / Adeliae,101392
神域 / 可不,1485
SOUND WAVE / OWAKARE ft.KAFU,472
Disappear -high-bridge feat.可不,194
廃景を群青で塗り潰して / rei shirai  feat.可不,1641
愛してほしい / VUG feat 可不,392
メルディ / 可不 - Original,11890
ハッブル から見た空は / いるほ feat.可不,2393
上海娘、鈍色の夜にて / 抹茶三号 feat.可不,624
陰生ゲーム/可不,3039
詠え、謡え、謳え/新色feat.可不,130
ウチューユーエイ！ / OWAKARE ft.KAFU,674
インソムニア - うしお ft.可不 [KAFU],823
wip11 feat.可不(KAFU)【一般ボカロPとW.i.Pの曲の違い】,40
wip7 feat.可不(KAFU),31
wip6 feat.可不(KAFU),33
wip4 feat.可不（KAFU）,32
snip /Yatacrow feat. 可不,734
同じ水に触れることはない  feat.可不,542
【オリジナルMV】哀愁没歌 / 可不,17759
消えろ / じん【Official MV】,256214
元気出してよね / イチョウ feat.可不,1094
灰かぶりの街 / 可不,720
Delirium - nino feat.可不(KAFU),784
夜を抜け出して / Okayu feat.可不,1400
絶対健康 / YoKo feat. 可不（KAFU）【オリジナル曲】【ボカロ曲】,105
君がいない夜明け前 / 可不,870
【可不/kafu】シニカルロジック【しょう/syo】,1532
【可不】Riddle【オリジナル】,65
beat cheese / 可不 &amp; 巡音ルカ,480
残像 / リャオ feat.可不【第1回CeVIOクリエイト祭】,72
パジャマパーティ　可不,190
いのちの抱き合わせ / feat.初音ミク＆可不,405
祝日 / 烏賊村 feat. 可不 + IA,1015
エレクトロニックサーキット / Kafu × Flower,690
遠回りの人生/可不,115
男子会「絶望メンタル」feat.可不,95
ジガロス / OWAKARE ft.KAFU,1005
Way Back To The Moon / maga feat.可不,2939
うまい棒/feat.可不,94
譜間宵 落花 - 落星 feat. 可不,104
symbol feat.可不 CeVIO AI オリジナル,508
【可不】ダミーヘッドラブ【オリジナル曲】,3089
【可不】笑笑笑【ぼっち】,824
タートルネック/ver.可不,586
可不で作曲してみた‼️,71
スベスベマンジュウガニVS火星人 / らぐらぐ feat.可不【オリジナル曲】,1598
月に溶ける,142
『病み付きライター』 feat. 可不（KAFU）,681
フラクタルアルコーダ / StarTrine feat.可不,331
プロト / 可不,3534
泡沫の未完地図 / 可不,184
人生ゲヰム / OWAKARE ft.KAFU,521
柑橘レモン MV 「奇天烈ラバーズ」.feat 可不(KAFU),587
私を見て / VUG feat 可不,312
Night walk / OWAKARE ft.KAFU,1090
マリオネッコ／可不,38395
隣町の電波をひろうよ ft. 可不 / ボウ,185
少しだけ /  可不,232
キュートなカノジョ 歌ってみた,124
Lamb／373 ft.可不【CeVIO AI】,128
【オリジナル曲】『フレネミー feat.可不』ロップ,636
僕らはタイムトラベラー / OWAKARE ft.KAFU,318
【鬱注意】オクスリサン / OWAKARE ft.KAFU【処方箋】,577
comeback. / OWAKARE ft.KAFU,466
【XFD】追伸 /Yatacrow feat.可不(KAFU),69
【初投稿】しんだら / feat. 可不(KAFU),1051
【可不】依存症スネーク│オリジナル曲,381
『前略、夏影』 feat. 可不,404
マリヲネット/可不×初音ミク【MV】,2548
可呼吸/可不,5534
この世界の壊し方  feat.可不,410
カラーコンタクトゥナイト / 眠飴くすり feat.可不,2216
シニカルへヴン／ミト feat.可不,399
*ネアル・ミテリシャ【MV】‐コルノステップ feat.KAFU／*Nearu・Miterisya‐ Corno Step feat.KAFU,54
ぐう有能 / 可不（kafu）,262
立ち食いカレーうどんのうた【可不オリジナル曲】,1326
冬の大三角 - huyu no daisannkaku - feat.可不(KAFU) ぺんぎんは ㊁度死ぬ。,177
オフホワイト / 可不【Neo.】,1277
心がヘラって生きられない,1659
REV IN POINT「水面と星影」feat.可不(KAFU),144
スノードロップ/feat.可不(KAFU),164
Fake it！  ／　TaDA,324
アマデウス / flower・KAFU,685
リミナル・スペース 可不,116
ゆらゆらりん / OWAKARE ft.KAFU,1208
よわくていいよ feat.可不,311
ジャッジメント feat. 可不 - JUDGEMENT,186
○○の定義 / 可不,2259
&quot;夜間飛行&quot;   蟹壺  feat. 可不【オリジナル曲】,120
ほしふるる/ 淡村 feat.可不,1158
浮世くノ一 / 二月五日 feat.可不,150
羽化 / 可不,504
鋼のさびしさ feat.可不,296
【可不】カクシ定規【デミ】,524
【可不】maintenance【オリジナル曲】,2020
スミレリス feat. 可不,7341
【オリジナル曲】生きていたって/可不,66
夏が終わるなんて。feat.可不 ma-ya,1328
Unreal Staff #3「Parallel World」feat.可不(KAFU),205
『可不』みんなのうた【オリジナル】,171
たいないな / feat.可不(KAFU),208
カレーうどんを食べる可不の歌,7817
模範解答/可不 - P.A.M88,385
【可不(KAFU)】lo-fi感覚／Shout-Record0620,101
ラストダンス / 可不,2136
光輪／可不 feat.bibuko,4314
回想 feat.可不【オリジナル曲】,282
晴れ渡る三十三度の空 / 可不,99
今年の恵方は北北西 feat.可不【オリジナル曲】,53
【CeVIO_AI】八月のSquall / 可不【オリジナル曲】,172
ワンとツーとスリー！ / OWAKARE ft.KAFU,1504
yellow / feat.可不,158
OTOSHIMONO / OWAKARE ft.KAFU,602
GATE / OWAKARE ft.KAFU,531
ロベリア／サクノオクレゲfeat.可不【オリジナル曲】,356
【オリジナル曲】ステラ / アノ世行キ【可不】,162
さよなら三角/可不,2220
ㅤㅤㅤㅤㅤㅤㅤㅤㅤㅤㅤㅤㅤ,7527
愛しても愛しても足りないっ！ / 可不,88
□□【idea】 Na9 feat.夏音(ボカロPさん本人にMIXしてMIXしてもらいました),26
鳴り止まないで - 可不 KOSANJI,758
ドリームガーデン / しずfeat.可不,234
明くる日,1101
刺激的なことは起きない feat.可不（KAFU）,244
【可不オリジナル曲】いやよいやよも好きのうち,283
【可不】リィんカーネーション【オリジナル曲】,489
それは【ユートピア】らしい feat.可不,210
タガイサマ /Yatacrow feat. 可不,153
【可不】空回スパイラル│オリジナル曲,1791
Panorama Letter feat. 可不 / lazuli. × Layla.,2461
【初オリジナル曲】今日という日を feat.可不,1442
Too Late / 可不　【Lirycs Video】,606
ROCKETS!! / 可不,117
蜘蛛の糸から見下す眺め - うしお ft.可不,320
キャットラビング　歌ってみた【ORB】,847
Curtain / 可不,1966
迷える僕らの迷いの森で/可不【ちょっとへんなの】,66
『 だきしめるまで。』feat. 可不,106744
ネメシス / ミヤジマタクヤ feat.可不,15687
スリーピングルーティーン / 可不,3495
僕は今日も生きてます。 / OWAKARE ft.KAFU,842
徒花だって / Nanimono feat.可不【オリジナル曲】,245
全部違う。 / 可不,256
子の心親知らず / 可不,137
ノミナルネメシス feat.可不【Musica Veronica】,1105
アオコトバ。「青空都会」feat.可不,109
星降る夜に/可不(Kafu)　オリジナル曲,100
なんやかんや4時音頭【可不オリジナル曲】,1318
VERMOUTH - 残息恋恋  feat. 可不(KAFU),12379
MV『ハッピーゲームスクランブル』ユラメ feat.可不,59066
めっちゃ傷ついた言葉の1位を、わたしにだけ教えてほしいの。feat. 可不 Kafu,1268
カフカフ☆ギャラクシーナイト / OWAKARE ft.KAFU,1480
"Roundly, Laundly　／もりP feat. 可不",538
サイレントサイレントサイン / 可不,173
淘汰された人生 / 可不,158
彼との約束 -feat可不(KAFU),132
セカイの在り方 / かねこさん feat.可不,2600
暗闇女王/可不,148
#サイコロを振ったような恋だった feat.可不 / 狼ナツヨ,126
アリスマテリア ／  カンダマサヨシ feat. 可不（KAFU）,6388
かわっちまえ feat.KAFU,188
冬空/feat.可不,72
ロングナイトビート 【可不】 のあのけ,2345
余命と花火/可不,248
僕が音楽を作るのは / 可不,1990
"「冬風邪には気をつけて」- YokazeNizi Feat,可不",176
君に来世はないけどね／可不,8635
【オリジナル曲】『傘のない僕ら』初音ミク ＆ 可不(KAFU),395
ファイヤープレイス / はかめ feat.可不,5301
フェアウェル feat. 可不 / つき,623
スノードーム feat.可不,1237
【初投稿】由々しいあなた/可不,14940
キッチン★スター,1479
アイの態度。　HotαRu feat.可不,2264
【可不】パンダ裁判│オリジナル曲,1667
つみに染めて  feat.可不,366
可不「キョンシー・サヴァイヴ」,9466
キウイニンジャ - ソクテイ feat.可不,160
ツイッターランド　/　kafu,16489
ネームレスホーム/可不/東北きりたん,2143
デュナミス / maga feat.可不,9982
CHAKA CHAKA / OWAKARE ft.KAFU,7409
【可不】死ぬときは猫のように【オリジナル曲】,167
宣戦布告ストーリー / Tomoja'eja feat. 可不(KAFU),118
ああ、もう / 可不 [オリジナル],275
【可不】ウラアカウント/secret account by KAFU,506
『ああ残酷な世界よ』feat.可不＆初音ミク,297
ガーデンノーム／可不,1374
明日へ/feat.可不,334
デモテープ/可不,1341
エゴノミー / feat.KAFU,111513
8bit music / OWAKARE ft.KAFU,387
ポッピン★キャラメリーゼ【可不】【オリジナル曲】,69
スカビオサ / アザラシP .feat 可不,90
等間隔ユニヴァース / feat. 可不,2480
Drawing feat. 可不 - flower apartment,278
ぎぶみーぎぶゆーチョコレート/瑠芽 feat.可不,209
厭世人 / 可不,521
&quot;生きてりゃ上等&quot;  蟹壺 feat. 可不【オリジナル曲】,115
バレンタインスイーツデー / VUG feat 可不,181
精一杯の愛を feat.可不,133
雪の降る日に　feat.可不,47
擾れ_feat.可不(Original),110
ソリタリオ / 可不,655
月冴ゆる - ft. 可不,347
【可不】明後日~TheDayAfterTomorrow~ 【四国めたん】【01】,210
ルーザークイーン/可不,3691
僕は自分を愛せない / おいしい無糖 feat. 可不,220
【オリジナル】メルトチョコ feat.可不 / かわうそP,70
『海底心伝』feat.可不,365
Unreality/りまち feat.可不,96
Hyperlexia / 可不,12260
ちゅるる。 feat. 可不【 Chami 】,1173
ポッピングラバー / 可不 (KAFU),124
夢の途中/Rev1vash feat.可不(CeVIO AI),58
双極生命体 / StarTrine feat.可不,71
幽霊でした / 可不,444
ぎぶみー！！ / Nanimono feat.可不【オリジナル曲】,80
ひとりきりのバレンタインデー / 結月ゆかり、初音ミク、flower、さとうささら、可不,6019
【可不】I want you I love you (feat.KAFU) 【オリジナル】,199
ATTACK /  OWAKARE ft.KAFU,362
可不 / キミトデアイ (cover),50
十六夜 /初音ミク (Official Video),125
【作曲1年目の素人がオリジナル曲を作りました】メタモルフォーゼサイコパス feat.可不,200
Lament / 可不,355
忘れたいだけだ。feat.可不,610
こんな街にもララバイを/可不,1450
Take a walk / OWAKARE ft.KAFU,633
マダシラナイクエスト / Zenpsy feat. 可不 &amp; 小春六花,472
恋の一等星 / ミラ feat.可不(KAFU)&amp;Chorus.初音ミク,5780
祈りはおやすみ / 可不,2190
あしたのぼくへ / feat. 可不,726
MERMAID / じん【Official MV】,34631
何者 - kamiya feat.可不,1255
Sonorous/可不,3210
才能メランコリー / 可不,2236
MV『Why me』yuya feat.可不,1123
ハニーラヴィット Honey rabbit / 可不,156
「ファジーネーブル」/可不 MV,214
ヨワマルヒカリ / 可不,1432
未だ世界空想劇(feat.可不 KAFU)-世明LuNa,164441
テレキャスターセブンティーン【可不】アニメMV,5065
幽霊病 / 可不,41145
ゆがみスクール - うしお ft.可不,407
フォニイ／歌ってみた【猫いず】,37
回れアストラル feat.可不,167
マボロシランデブー/白及 feat.初音ミク&amp;可不,5705
【可不】ブロッサム前線│オリジナル曲,219
貧乏 / チームひややっこ with 可不,188
【可不(KAFU)/オリジナルフルアニメーションMV】星のきれいな夜の話,259
"東京は水の底 - 可不,Miku + Ungifted",433
僕等をのせて feat. 可不 - 梧ウツギ,132
Don't let me down / OWAKARE ft.KAFU,383
眠りの森,102
「感性に落ちる」/可不 MV,52
オンリーマルベリー / 可不,116
あめばれ feat.KAFU,175
Moon　feat.可不(オリジナル曲),88
カノン / 可不,465680
ロイヤルミルクティータイム / 可不,593
【可不】死ぬ前に抱きしめて【オリジナル曲】,312
愛デ嫌　feat.可不,615
Nest / 可不,167
「i」/瑠芽 feat.可不,9616
【CeVIO AI】愛してる feat.可不【オリジナル曲】,62
無理に笑わなくて良いよ feat.可不,45074
蝶々/倫太 feat.可不 カゼヒキ,5372
畢生、君とノベル/可不　（Official Video),89
fleeting world / 可不,140
美しき世界/feat.可不,99
ギミラヴ / OWAKARE ft.KAFU,574
ハリボテ / なみぐる feat.可不(KAFU),4248
メルティング・レイニー / まきのせな feat.可不,1193
今死んだとて／可不【音割れver.】,65
デストレード / Yu zendo(YuzP) feat.可不(KAFU),173
Last night / OWAKARE ft.KAFU,374
輝いて feat. 可不 / Kusuta,190
ねぇ振り返ってよ……,113
【可不】戯言/はなころり,198
ユニバース / 可不,452
亡霊 / VUG feat 可不,279
逃亡うさぎ / 眠飴くすり feat.可不,1008
帰り道のダンスナイト / ten. feat.可不,168
『いろあせるまで』feat.可不,90
けだるい【可不】【オリジナル曲】,84
深夜２時ノ 幻想空間で逢いましょう /  しゅた　feat.可不,202
Soul Place / しゅた feat 可不,198
-澪-  mio- / しゅた　feat .可不,152
れるりら / 可不,993
ラヴィータエベッラ／373 ft.可不【CeVIO AI】,96
「ありのままのフラッパー」/可不 MV,53
アクトレス ／ 可不　【◇町内会】,102
暗白透-anhakutou-/初音ミク・可不,95
春が嫌い/初音ミク、可不、結月ゆかり,128
アイビーキャット / 可不,4680
LOST CHILD feat. Kafu,12684
ポーカーフェイス/可不(KAFU),164
「わかんない」ことしかわかんない / 甘草 feat. 可不,227
フォニイ 歌ってみた にしきれお【nishikileo】,23
教えて/可不,67
愚図の実 feat.可不(KAFU) - ネコノネゴト,4406
潜熱景 / 可不,101
【吉田 卓蔵】キュートなカノジョ【歌ってみた】,801
【可不】君ニ溺レル feat.可不【オリジナル】moonlight Official #6,122
ノン・ヒロイン  feat.初音ミク、可不,185
みえかた / StarTrine feat.可不,100
今日は祝日,261
愛くらい_feat.可不(Original),133
アヒルと歌う可不 / VUG feat 可不 with アヒル,6689
エンドロールは君と哀で/可不。,259
間違いだらけ【可不オリジナル曲】,85
【可不】マインガールず(Minegirls)/リンゴアメ【オリジナル】,3823
運命のキラー/可不【オリジナル曲】,330
オッドアイ / 可不(Cover),1303
梅雨の唄 / 可不,573
ダンスナンバーを君に / OWAKARE ft.KAFU,685
待って / 甘草 feat. 可不,136
雨果 × 可不 - 再構築オペラド,447
アイロニカルユートピア / Flower・可不 - Fty,17864
ニシニシニシニシニシ / 砂音ケイ feat.可不,180
アマゴイ / 可不,210
Sweet Sweets(スウィートスウィーツ)/可不　【ねむるねこオリジナル曲】,662
セイ・グッバイ / 可不,152
『チューリップ』/  可不,478
セレナイト・スター / Σ feat. 可不,306
愛玩動物 / 可不,560
からっぽドロシー / 可不,101
ここにいた､ / 可不,2576
Ambush / feat. 可不×知声 [オリジナルデュエット],309
バックストリート/ 可不(Kafu)　オリジナル曲,94
ぐるぐるーぷ feat.可不,129
われ思う、ゆえにキミあり。/ 吉田ヨシユキ feat.可不,1874
「黒い感情」黒咲 feat.可不(KAFU),82
召しませミザリイ／西憂花 feat.可不(KAFU),3417
アヒルと失恋ソングを歌う可不「ほろよい」 / VUG,336
REPLICA - ft. 可不,241
さよなら、私,317
Rare / feat.可不,127
覚醒しちゃいなよ / 可不,25961
アノマリー /可不+v_flower/サドヤ,9797
真夜中の国 feat. 可不 (KAFU),85
虹色の爆弾 /  feat.可不,216
消えろ / じん【Official MV】(2/16発売「アレゴリーズ」収録曲) feat. LuMi／るみくん【cover】,65
自称主人公/ 可不,155
アルミ缶の上にあるみかん feat.可不、シェリングフォード,202
よわむしの告白/可不,192
ツインテール規則 / 眠飴くすり feat.可不,866
エンパスィー / 可不です。,2176
にゃえ / 可不,1580
思考実験場 / 可不,83
コンプレックス・トーラス／可不【オリジナル曲】,128
没曲,2518
幽霊とパジャマ／の上 feat.KAFU,54
可不　ねこなでの歌　／　U6gumo ft.Kafu　【MMD】【オリジナル曲】,73
モブダンス feat.可不 / MoNo.,142119
碧野イノウ「会いたいな feat.可不(KAFU)」,383
すれ違いキルヒホッフ / 内緒のピアス feat.可不(KAFU),2464
REV IN POINT「閏雨」feat.可不(KAFU),97
勝手にして！ / コラコーラ feat. 初音ミク &amp; 可不,1732
水きんちかもくどってん海  feat. 可不 Kafu,957
星追い／feat.可不,40088
いきすがら feat. 可不,6702
Radiate / 可不＆めろう,20979
【可不(KAFU)】春立つ。【オリジナル】,601
さよならの約束（feat.可不),2722
仮面 / Coal feat.可不(KAFU)【可不オリジナル】,104
Dive Into Bed / Coal feat.可不(KAFU)【可不オリジナル】,60
いつかまた/可不,102
【初投稿】無意識の自傷/可不,138
長い冬の彼方に / 2293P feat. 可不,371
恋五月蝿い / 可不,1670
【オリジナル】一枚の写真 feat.可不,1275
プロパ玩具/可不　(Offcial Video),170
ハロー、ハロー。（Full Ver.）/ 可不,4650
日照雨に羊 - feat.kafu(可不),915
不慣れにつき/ても　feat.可不　［オリジナル］,79
Aoi『ココロメイロ』ft. 可不（KAFU）【MV】,1624
「君に有罪！」/可不 MV Short ver.,190
「崇めすぎたロマンスの神様」/可不 MV,80
くらえ ! 強パンチ／可不,70
【可不/KAFU】ぐるぐるストマック　/ぎぶすfeat.可不　【オリジナル曲】,1005
空情 　feat.可不,79
【可不】存在証明ーidentityー【オリジナル】,1594
ウエポンズヒル / 黒瓜丿美×可不(KAFU),173
【可不】あはれ【オリジナル曲】,104
ゆきかぜ／RUHIA feat.可不,384
Mr. / 可不 × Flower,526
ミステイキング/可不（KAFU）,480
チップソー / feat.KAFU,111
ヨルのパラダイス/可不（KAFU）,126
帯電少女/Charged girl/Sonahi feat.可不(KAFU),96
卒業式 / 可不,11096
あなたの心が孵るまで feat.可不,512
DANCE AGAIN / OWAKARE ft.KAFU,363
[MV] ポップロップ・ラビットガール - 可不,660
慣れるまで / feat.KAFU(可不)【◇町内会】,82
MIDNIGHT / OWAKARE ft.KAFU,379
【歌ってみた】カノン/柊マグネタイト【反対シンジケート】,51
梅が丘／RUHIA feat.可不,1079
デスベッド / 可不,1005
【オリジナル曲】『夕暮れ、見上げた空は』可不(KAFU),747
イリス・レヴィガータ / StarTrine feat.可不,102
【ずっと】だからさ / 琴吹むつみ⁺可不,611
ココロ回想録/可不,129
【可不】人生リセットボタン│オリジナル曲,335
アイソトープ - Rico【cover】,44
『誰か』ふうfeat.可不,209
普通ってなんだっけ/JUN.可不,299
じゅんぐりらった feat. 初音ミク 可不 【MV】 ふるけ,384
【初投稿】インコンシステンシー / 椎羅音 feat.可不,20692
『知りすぎた他人になった』feat.可不(KAFU),124
虚夢　ft.KAFU,142
花火 ft.KAFU,85
おばけのピースサイン / Sotono feat.可不(kafu),81
サイアノタイプ / sabire feat.可不,331
Linaria - 可不,480
バンブーブリッジ -- 「トリトマ」 feat.可不,102
fall / 可不 ・ IA,578
Fall into Loneliness /Rev1vash feat.可不(CeVIO AI),56
【CeVIO AI 可不】キャンバス【オリジナル】,83
感情失禁 / Aonin feat.可不,2037
スケッチとビートfeat.可不,658
Final Annotation feat.可不(KAFU)、初音ミク,120
僕的最高速度で / 可不,109
夢人局/りぶしぃ　feat.可不,366
Kareii Udon Bass / Coal feat.可不(KAFU) 【カレーうどん】,291
今死んだとて／可不,64
ダークアピ - Heaven feat.可不【MV】,366
スワローている / 可不,170
【可不】宙帰り【オリジナル曲】,171
愛のうた、ループ／可不／MYTO／オリジナル曲,113
Corolla   feat.可不,424
氷塔 feat.可不 &amp; 知声（Chis-A）,333
ノイジーゲイザー / 可不,519
浮遊惑星 feat. 可不 / きりはらきずき,1586
並海 -heikai acoustic / 可不,151
僕に期待しないで / おいしい無糖。feat. 可不,190
カノン/可不 (cover.ぬこさま),416
【可不】叫喚【オリジナル曲】,116
マーチスノウ 　feat.可不　CeVIO AIオリジナル曲,195
MinoRoll / 恋煩い_Feat.可不 【ボカロオリジナル】,76
501P - 4NTI MASTERPiECE feat.可不,173
bouquet / 可不,392
おばあちゃんちに行ったら出てくるお菓子の歌／可不 feat.bibuko,3180
不適合　feat.可不,684
Lucria / 可不,336
Liquid / 赤井翠 feat.可不(KAFU),70
Na9 - 哀のうた feat.可不,6393
残火と踊り子 / 可不,292
夜/可不,253
叫び続ける少女の記録/可不,184
アンチアングレッシブ feat.可不,2841
人間なんて / 甘草 feat. 可不,199
ハイライ / とまつなぎ* feat.可不,3363
ハート＆ダイヤ／可不,133
【可不】星空シルエット│オリジナル曲,390
【可不】宣誓/はなころり,225
歪んじゃってんだ / 可不 - ぽりふぉ,23869
オリジナルMV『デメタン』yuya feat.可不,190
羊は夜を数えない / 可不,526
ルスト / 可不,425
春青嵐 feat.可不,1842
【可不】アイマイナアイ【オリジナル曲】,3982
或る売女 / dschan feat. 可不,1550
アブストラクト・デイ/可不,516
【suragi】レリクス feat.可不,11699
世界が優しくないのなら -feat可不(KAFU),162
加速型AI未来予想図Ⅰ∀悲愴系 feat.可不(KAFU),91
お願い(feat.可不)/Project:NI_R,408
アルストロメリア/瑠芽 feat.可不,6983
ディナーショー / 砂音ケイ feat.可不,1191
察して / feat.KAFU (可不)【◇町内会】,89
コア,396
ホープフル feat.可不,389
朝霧(feat.可不),4450
ミサンガ、切れないで【可不】【オリジナル曲】,73
ここにエピタフ / いち野 feat.可不,4277
【可不】雨、残香 【やる気ゴリラa.k.a877】,91
タイタニックの後日談 feat.可不,191
【くるぴ】ヤンデレちゃんに首を絞められる歌。feat.可不,149
冬に関する覚書 / 可不,121
君との言葉が欲しいからfeat.可不【へぴっ】,84
哀 / feat. 可不,759
大人のアイロニー   可不,95
僕のあり形 / ぱーかーぱんだ feat.可不【オリジナル】,409
mero - marom feat.可不【Lyric Video】,192
擬物取扱者 feat.可不（オリジナル曲）,123
ツルナシ『エスケイプ』feat.可不,140
アニマルシティ / できないだらけ&amp;可不,82
Sweet 2 / feat. 可不,202
さよならなんて、いらないんだ／可不／MYTO／オリジナル曲,400
PAIN / OWAKARE ft.KAFU,390
Philosophia / 可不・きりたん - Fty,5628
し(や)すいいき / 由末イリ feat. 可不,2453
君になら。 / 可不,2671
BLACKOUT feat.可不＆初音ミク,1266
【可不】喰クイーン│オリジナル曲,229
スパイシー・スポット / 可不,47884
塗り忘れ／可不,1723
Chinozo「シロ 」feat. KafU【eneeemy】,19987
Acting / feat.可不(KAFU),4247
真実はいつも誰でも幾つでも / saikawa feat.可不,7416
やだ / 可不,5884
[オリジナル]_助けを乞う_可不(KAFU),302
カラーレス・ユース | 可不,22387
前を向かなきゃ feat.可不,7935
コタエナニズム/よつはら feat.可不,267
フェイクピース／ミト feat.可不,2043
桜が丘／RUHIA feat.可不,869
勿忘草 / 可不,238
【オリジナル曲】青天闊歩/ONE×KAFU【CEVIO】,223
春空と縹 / 可不,272
嘘とワルツを／RUHIA feat.可不,1009
おやすみなさい　また明日　feat.可不,89
雨果 × 可不 - アントロメア,382
Adonis [feat.可不],941
家/可不【ちょっとへんなの】,107
【可不/kafu】魔女狩り【しょう/syo】,678
アゲハ蝶 feat. 可不,346
君はバイロケーション　feat.可不【オリジナル】,95
【可不】バッククロージャー万引き常習犯,99
フィカス・ウンベラータ / StarTrine feat.可不,102
シーフード・フォワード feat.可不（オリジナル曲）,116
心飛ぶ feat.可不,215
シラキリ娘々feat.可不,93
[MV] いつかまた君と海に / 可不,3316
カレーうどんブルース [feat.可不],338
マネーロンダリング/ 可不(Kafu)　オリジナル曲,93
至宝 / 可不,231
劣等依存症／可不,203
エスケイプイズム/可不,63954
Remember Memories【すずかぜ。/可不】,187
ゆめくい / maga feat.可不,1153
春惜しむfeat可不＆知声,318
さよならグラス / 可不　[オリジナル曲],348
レミングの動機/可不。,2178
「僕」を演じる - 可不,835
エタニティ/ ⌘ KAFU,33489
神様日記　可不,144
「醒めよパワー」/可不 MV,78
ホットコーヒー(feat.可不),23309
宵煙[short]/可不,68
酔シグレ‐『Side.I』feat.可不,814
ラブスタグラム / 可不(kafu),221
シークレット・アビス / WARE feat.可不,698
不協和音な憧れ　feat.可不【オリジナル】,70
記憶書庫. / feat.可不,268
夢の際 - うしお ft.可不,469
ヒトリム orchestra ver.,102
空間結晶 (2022) / feat.可不　,152
ライター / OWAKARE ft.KAFU,601
ワンダーユートピア feat. 可不(KAFU),122
祝福。feat.可不【A4。】,1095
可不 - 絶対死なない,343
misty moon/ まきのせな feat.可不,585
成損 / もでお feat. 可不,508
トランスペアレンシー / ▸Yushi◂ feat. 可不,158
hide shade / 闇音レンリ&amp;可不,1274
彼は神になった/可不（KAFU）,1003
マイボスマイメンター　可不&amp;初音ミク,2410
海遊路 / ズキポ feat.可不（KAFU）,2340
あなたがいたから/可不【ねむるねこオリジナル曲】,73
桃月の嘘 / 可不,87
ダミードリー ◇◆◇ キネマ106 feat.可不,1677
死にたいとかじゃないけど / feat.可不,281
魔法がかかる前に / 可不,375
「君に有罪！」/可不 MV,132
【オリジナル曲】『水面桜』可不(KAFU),538
ふしぎなふらわー,307
さよなら　色褪せ / feat. 可不,92
巨大カニパワー,100
Cheers／可不,278193
Mezzanine / YASAI SHOP・やみん feat.可不,6778
アタシ：アップデート / 香椎モイミ feat. 可不,82969
【可不】姫彼岸花【オリジナル曲】,435
slow pace/lupica_feat.KAFU,1484
ふらくたる/ 淡村feat可不,680
ひとごみ / 可不(KAFU),966
『可不』体調が悪くてしばらく休んでいたけどすごく周りがやさしくなる現象に名前つけたい【オリジナル】,107
ラーメン食べたいby可不（KAFU),115
右関係/ 可不（KAFU）,145
深夜３時のおうちカフェ / 可不,227
アラマンダ/feat.可不,188
弱虫 / 甘草 feat. 可不,479
andromeda [feat.可不],184
生徒会に立候補【可不】【オリジナル曲】,129
Dreamers Somewhere 可不(KAFU)【音楽的同位体可不】,372
センチメンタルワード(feat.可不)-世明LuNa,21371
シビレキラシテ (short ver.) / 可不,10227
恋い焦がれガリレオ / 内緒のピアス feat.可不(KAFU),846
散るらいふ / 可不,1428
芥 / 可不,4400
サホヒメ feat.可不 【オリジナル】＃２＠ふろむポン酢の惑星,285
恋愛ごっこ/只野怜 feat.可不（kafu）【激カワアニメMV】,2391
怪物少女に生まれた私は結局振られてしまった。 feat. 可不 Kafu,8060
水葬 / 黒瓜丿美×可不(KAFU),131
逃亡少年 / 可不,148
room/可不,5269
濾過 / 可不,4966
邪道/可不　MV,10703
501P - NEXTAGE feat.可不,133
*Natete. - LuNa=LuNa feat.初音ミク＆可不,185
『きみのハートジャム』feat.可不,273
appy feat.可不「オオギリーツアー」,31816
東京幻想旅行記 feat. 可不,5084
サポートストロベリー / 可不,157
ビートの悪魔/可不,72
世界と廃墟と私/可不,547
白夜/歌愛ユキ、可不,110
最終電車 feat.可不,449
【ボカロオリジナル】バッドエンドが似合わないガール【KAFU】,331
【小春六花&amp;可不】Get Ready!【ラップもあるよ】,975
【初投稿】49093 - caretaker feat.可不,841
whirlwind / mawari feat. 可不(KAFU),6976
オーバーサイズビート / 可不,1042
花譜か不可不か/ KAFU,130
くらがり / 可不,74
LIT.feat可不(KAFU),803
猫遊郭 / コウ feat.可不,10566
【可不】エーアイ信仰論│オリジナル曲,171
祈る／RUHIA feat.可不,289
duplication program / StarTrine feat.可不,108
ループ・マイ・ループ/雫緋のい feat.可不,115
アリス / 才歌 feat.可不,10827
春風／けるぷ feat.可不,249
孤高な孤独/只野怜feat.可不（kafu）,1415
反照するこの雨に feat.可不,155
EPSLA - アクリリド (acryl_id) feat.可不,658
【悲報】可不ちゃん、グレる / 可不,246
時間旅行 / 悠 feat. 可不,1980
蜃気楼/feat.可不,109
誤謬 / feat.可不,107
夜が灯る街。　‐　ノエル　/　可不,2721
ハーフムーン feat.可不,6222
げんぶ 「トロッコ問題」feat.可不/Genbu-Trolley problem,5350
チャイナ・ディスコ feat.可不 / MoNo.,160054
エンドレスエスケープ / ikuramaki feat. 可不(KAFU),194
シャイニーシャイニー / ikuramaki feat. 可不(KAFU),920
ゴミ溜まりの虚飾姫　feat.可不×結月ゆかり麗,68
後悔　/ feat.KAFU (可不)【◇町内会】,71
【可不】アネモネコンタミネーション【オリジナル】,884
それが人間だから / 可不,386
ダウト・カテゴライズ / 可不,918
たからもの/ feat.可不,129
紛ゐ - 紛ゐモノ feat.可不,8968
Willy Wonka/可不,74
カミレ feat.可不,209
拝啓、君へ feat.可不/Top of the Table,111
dependent/物憂しの feat.可不(KAFU) 初音ミク【MV】,109
フリばっか / 可不,583
愛を唄うよ／可不／MYTO／オリジナル曲,172
夜桜狂想／RUHIA feat.可不,253
RELIFE/feat　可不,162
駄作(unplugged) - 芥田レンリ feat.可不,1562
Poryapex / 可不,6696
アーカイブを残して / noyoi feat. 可不(KAFU),2882
アイビー / アザラシP .feat 可不,122
お花みがすごい！！ 可不&amp;初音ミク,175
がらくたばっか - 可不 + Ungifted,327
透き通る / 可不,208
閉鎖的自己完結空間 / 巡音ルカ &amp; 可不,2967
雨を歩いてる。- kamiya feat.可不,1482
天使 / 可不,20700
なんてね。 / はすふぃー - 可不kafu【オリジナル曲】,397
【せぶこ】Cheers　踊ってみた 【ラブジェネ22】,737
囚人 / 可不,39474
某サイトっぽい曲を可不に歌わせてみた　pong have the world/ぽんはぶざわーるど　feat.可不(KAFU),382
【オリジナル曲】リキュール‐Liquor/可不【CEVIO】,166
Inside the winter／耳川 feat.可不,216
キラードラッグ/只野怜feat.可不（kafu）,1942
エイプリルデイズ/可不,106
生まれてこなきゃよかったかい？ / 可不,160
どこに行っても僕だけがいじめられるような気がしている / 可不,43523
【可不】才能ラビリンス│オリジナル曲,155
テレキャスティックサイケナイト／RUHIA feat.可不,210
ファンタジアクター / KAFU,1708
ゾンビのパンチ / 薄塩指数 feat. 可不,16980
帰路  / feat.可不,162
ALTERCLAD - わらべあそび (feat. 可不),1891
【X-FADE】CoDe Of VIctim/akatsukikyo 【OИE・IA・可不・さとうささら・知声】CeVIOAI・PROオリジナル曲,271
ビカム陀仏 / ユリイ・カノン feat.可不,60667
【MV】ラストモーニング  / 可不(KAFU),7884
小部屋 / feat.可不,148
眠い/可不【オリジナル曲】,68
花筏/赤井翠 feat.可不(KAFU),65
【歌ってみた】シビレキラシテ,139
remains - 可不(KAFU) オリジナル,1736
嘘にまぎれこんで / feat.可不＆初音ミク,191
「心の路地裏」/凪。feat.可不,130
まあいいやエレジー/可不,134
Diz - アノミー的音楽 (feat.可不),449
それでそれで　/　可不,1334
はじめての大罪/ても　feat.可不　［オリジナル］,94
感情論 / ゆきたろう feat. 可不,1025
realive 可不(KAFU)【音楽的同位体可不】,92
海底浮遊 feat.可不 ma-ya,398
zanzou - kafu,371
帰路 / feat.可不  Guitar Edition,103
小夜啼鳥 feat 可不,870
世捨て人 / StarTrine feat.可不,310
環状線イレコンサイラブル feat.可不（オリジナル曲）,115
なにもない feat.可不,287
雨降りとプロローグ_可不_メロディック,117
錐のように - 新爾 feat.可不,1155
きりね/ 幽花なす feat.可不,254
撫でんな / 可不,176314
現の朝 / 可不,137
五月の灯／RUHIA feat.可不,466
イリアイ / 可不,1335
黄昏とプロローグ_可不_AI IA_メロディック,105
ボディ・オートノミー【可不】【オリジナル曲】,76
エゴノミー 歌ってみた 【西ヶ花 りか】,101
【可不】エンドレス・スヌーズ【夏山よつぎ】,6661
ヘイトラッシュ/可不[CeVIO AI］ 【akatsukikyo】,1108
かえろう feat. 可不,3163
ひみつのユーフォー / 可不(KAFU),38082
届ける/可不,211
ブルーサイダー/オクトP/Feat.KAFU 【初投稿】,84
平等原理主義に泣く - 紛ゐモノ feat. 可不,1589
マイプロジェクト 可不(KAFU)【音楽的同位体可不】,87
劣弱レール/feat.可不,115
HIT0E 『ビターエンドがお似合いね。』可不,1059
【可不】春のうららの隅田川 【オリジナル曲】,154
日照雨(feat.可不),331
得手勝手 // otariyo feat. 可不,93
ゆきのせい feat. 可不,3353
【CeVIO AI】街と幻想 - 可不,86
angcm./Aru feat.可不 【オリジナル】,477
春糸音 feat.可不,178
三毒/可不。,219
はなおしみ / 可不(KAFU)【オリジナル】,143
イネファブルライフ // otariyo feat. 可不,92
刹那的/Aru feat.可不 【オリジナル】,117
Qualia,5413
春眠り/可不,93
【可不】アギト【オリジナル】,102
【可不】Twilight summer【オリジナル】,108
【可不】太陽【オリジナル】,184
【可不】フリーク【オリジナル】,273
Leiche / sung by kafu,495
ルックバック / のーねーむ feat.可不,346
バンブーブリッジ -- 「ストレンジャー」 feat.可不 kafu,90
Night owl(feat.可不),167
【予告】郷愁フォトグラフ / 可不【ボカコレ2022春】,63
まちぼうけ／RUHIA feat.可不,298
とまれみよ / どばどば feat.可不,152
チューニングサバイバー / tomo feat.可不,144
【ボカコレ春行くぜ】つらい日常　feat.可不　【オリジナル】,204
【異世界アニメ風MV】Twin*GirlsWar / 可不 &amp; さとうささら / Keica* &amp; 外神アイナ【オリジナル曲】,273
【初投稿ボカロ曲】RNAには逆らえないfeat.KAFU,225
孵化 / 可不,148
クリープ / feat. 可不,394
ギブチョコ/feat.可不,184
劇薬 / 可不 feat. camel-leon,881
10日／耳川 feat.可不&amp;初音ミクDark,182
【可不】シンジゲイト【オリジナル曲】,443
Sekimen - 悪くないや feat. 可不,879
神など存ない世界に　feat.可不,1151
【可不】呪い、夏【オリジナル曲】,126
ロストチャイルド/可不×初音ミク【MV】,1823
【可不】ベトラベトリ【オリジナル】,100
【可不】感傷ハートレイト / クニヲ,220
どこかのだれかへ feat. 可不 / つき,243
激情型最低ガール / 可不,1894
とびっきり /  Tobikkiri - 可不 [オリジナル],720
【可不】空想花/藍紺&amp;PegaRis,136
ティラミス／可不,226
下剋上RadicaL/MELAMELA feat.可不,171
ディサピアー  feat. 可不,3616
キャンディメルツ / 鎖月 feat.可不,366
ホッとミルク / 可不【アニメーションMV】,846
ユースボーイ / 可不,151
ローファイ・バニーガール / 可不,558
ひたかくしはなし！ feat. 可不,2386
サマリー feat.可不,1072
Yu-Ru-Yu-Ru　 feat.可不,356
ブループラネット feat. 可不,1029
平HEY-凡BON / 可不,717
ひとつだけ / Nomakuro feat.可不,122
夢跡 / 可不,199
Heaven / paz feat.可不,260
あなたに／セネキオ【可不＆IA―ボカロオリジナル曲】,174
【可不】鏡裏/Kazwa. feat. 可不(KAFU)【オリジナル】,150
小粋 / Noah feat.可不,456
あの群青色の空は今も / feat.可不,242
メガロポリス/可不（KAFU） 欠陥品P,151
Pinky / いと / feat. 可不,199
開幕前夜 / 可不,530
ハクチノユメ / 可不,144
【MV】「リタニー」feat.可不/ PonzuP,436
月とファム・ファタール / 可不,850
Happy Mornig feat.可不,245
〽 分水 / 西憂花 feat. 可不(KAFU),5073
春うららか feat.可不,288
ヘヴンリーガール/可不,243
Blind / Uμc feat.可不,125
Last moment / 可不　,409
separate // otariyo feat. 可不,205
プロローグ,207
慟哭は消える / 可不,720
グッドナイト、流星群と悲しみの国 / 可不,125
七色 ft.KAFU,277
自分に噓を付けない。 / デネブ×可不,153
蜃気楼 / Nanimono feat.可不【オリジナル曲】,232
ノア/りぶしぃ　feat.可不,267
【2022ボカコレ春ルーキー】ジンジャーエール,188
フロート／可不,186
花束/初音ミク、可不,212
【オリジナル】黒猫と炬燵【可不】,477
隠蓮墓 / 可不,196
IWOKARU／白伊feat.可不,333
抜け！オナロス/可不,338
Beautiful Sky,49
サインコローネ /  可不(KAFU),992
I should tell you!! / 可不,654
いいね欲しいっ！！ feat. KAFU,118
アウトレット・トレンド / パレットfeat.可不,1186
Kafu the Rage / 可不,139
可不のお豆腐 / 可不,418
チョコ！/可不,169
純愛世紀末 オルタナへの道 feat.可不＆結月ゆかり,592
【MV】Sorrow rain / feat.可不,1377
祭終い / 有部遼 feat. 可不,254
【オリジナル曲】HORIZON / アノ世行キ【可不】,329
サイダーインサイダー / そともぎ feat.可不【オリジナル曲】,17077
終末戦争逃避紀行 / 可不,143
天邪鬼と踊る／可不【オリジナル曲】,481
キャラメルポップコーンみたいに/可不（KAFU）,262
【可不】 流星 【オリジナル曲】,219
残存エネミー/紅葉初雪 feat.可不,1746
【可不】言葉もアタマも吐く息も【オリジナル】,344
アンrewind 可不(KAFU)【音楽的同位体可不】,134
それから / 可不,174
『ワールズエンド・スクリプト』Vo. 可不 - 眠れる重力,214
オベーション / ikuramaki feat. 可不(KAFU),895
ふいんき/可不,102
ロー・プレッシャー / リク feat. 可不,204
春渦修冬/可不,196
ライア　feat.可不,187
自殺をする奴糞馬鹿案件/可不　[蜜柑ゲノム],222
【オリジナル曲】ダラダラブッカ / おてじさん feat.可不,515
オシテモ／可不【オリジナル曲】,422
Carnival Rhythm √29,1193
蕾と素体 / 可不,209
メロンパン/可不,1607
ハジマリノオト feat.可不(KAFU) / さタク,444
ボカコレなんて大嫌い！！！！ ／ 可不、初音ミク,442
パレとラべ / if，可不,194
センチメンタルだね - ハマダコウキ feat.可不,3275
ウチイヅ/初音ミク・flower・可不,1195
春の傍-かたえ- / StarTrine feat.可不,210
ラグドゥネームの目 feat.可不 / かわうそP,173
泡/可不,360
【可不】鬼リピ│オリジナル曲,290
アンノウンガール(feat.可不)-世明LuNa,14140
レモネード / 仄かにユレテ feat.可不(KAFU),805
Σ - ラスト・エーリュシオン / 初音ミク・v flower・可不,1349
パラデロ / りべるた feat.可不,154
いつの日かめぐり逢う夢 / リク feat. 可不,232
ハレの幕間 / 可不,245
RE Traveller / 可不,640
ブルージャスミン / ギンクル feat.可不,1773
appy feat.可不「キャビン」,4910
ブーゲンビリアの枷 - ガボックスションP feat. 初音ミク、可不,436
魔女と旋律の街 / 可不・きりたん - Fty,32851
アルビノリリー／可不,1923
脳内カオス症候群 ft.鏡音レン・可不【オリジナル曲】,151
Fragments feat. 可不 / Farallel &amp; ねこまろ【Progressive House】,29222
好きな子 / 今夜 feat.可不,181
もう／可不,289
Boi｜可不,98847
でもでもだってさん／可不 feat.bibuko,704
絶望のボカロPデビュー～ボカコレ埋もれたしTwitterシャドーBANだしニコニコメンテだし～ - ゲリラ豪雨雷光 feat.可不,452
インスタントハッピー/可不,185
裏切りシンドローム / feat.初音ミク＆可不,237
April flower / Hery feat.kafu,202
喰らいな/深海象 feat.可不,624
藍 / 代稚乃 feat. 可不,290
花粉症 / 可不,141
エゴノミーت 様  / feat. LuMi／るみくん【cover】,185
レペゼンドッグス  / ノザワ・Hendrix feat.可不,495
ナースの推し事,114
未来ある子供たちfeat.可不【ボカコレ2022春】,147
海底の蜘蛛/可不,175
やすみ-『セフィア』feat.可不(KAFU),2634
春、訪れを / 可不,426
孤独のヒーロー / 葉乃音 feat. 結月ゆかり &amp; 可不,388
江ノ島、途中下車／可不,58
確定申フォニィ／あべぜいりP feat.可不,197
妄言癖 / 可不,274
君だけがいない傘 / 可不（ショート版）,362
なんとなく / KAFU,630
リブラ / ミラ feat.可不(KAFU),8571
薄明、覚める / 可不,150
千想デタミネーション／ニート　feat.可不,127
March April May 可不(KAFU)【音楽的同位体可不】,178
【可不】Dear Ann:,207
猫と毒。/ feat.可不,592
ホワイトリカーに溺れて//めーっちゃ可愛い可不,1267
カレイドカレンダー,147
01時05分のQ&amp;A / 可不,9344
花信、春を告げる / 可不(KAFU),192
叫べ / ノザワ・Hendrix  feat.可不,487
Elven Dive / 可不,1709
てとて／モノオキP feat.可不,256
この夜が終わるまで / 可不（KAFU）,146
【可不】シャドーボール【オリジナル】,1591
今日私は、ようやく君に/可不,178
drizzly cherry blossom / mawari feat. 可不(KAFU),2038
【オリジナル曲】『嫌いだ』可不(KAFU),1221
「さらば」黒咲 feat.可不(KAFU),112
囚われテール feat.可不(KAFU) - ネコノネゴト,1638
喝采 / ロクガツ feat.可不,611
春、紡いで / 可不,327
シネクドキ/のうべんばあ feat.可不,2296
プルメリア / 可不 - Original,1812
春歌_feat.可不(Original),157
ねこ涅槃 / feat.可不(KAFU),1515
『有休とりマックス』feat. 可不,346
学校をさぼっている/可不　九州そら,742
"ひみつの惑星_可不,Flower",348
【可不】深星解/藍紺,425
Only ME / Nanimono feat.可不【オリジナル曲】,489
キュリオシティ・キル  / 可不,252
カラノコビン feat.可不 / KAFU,239
OD×Sekimen - ブルーリフレイン feat. 可不,766
よわいひと／可不,1653
不完全世界 feat.可不【オリジナル】,836
-Heart Distortion- ／ KAFU,1426
QASAWD - IRREGULAR / feat.可不(KAFU),215
アナカリス feat. 可不(KAFU) - Kijibato,733
群青 / 蒼野みどりfeat.可不,3677
Kiss my tomorrow/こむぎぱんfeat.可不,629
リ・トリビュートオマージュ feat.可不,763
「感情は成仏しない」IQYU feat. 可不,10883
駒木優 - だきしめること。(feat.可不)【アニメーションMV】,120859
ボカコレ前にぱそこんが壊れちゃった / 可不,736
やすみ-『Tiny Sparkle』feat.可不(KAFU),316
馬鹿でしょうがないわ / とうかさ feat.可不,8468
ステラダンス / まんまるこーき feat.可不,296
尤物擬き／すなめり feat.可不,477
愛しい夏夜[short ver]  feat.可不,323
Ectoplasm / 可不,4115
コピーアンドロイド／可不 #ボカコレ2022春,133520
デーモンガール / コウ feat.可不,5014
【MMD】TTT オリジナル曲,99
ジブン劇場 / 可不,480
波に溶けて / 可不,212
キラーチューン / 可不,363
レインスクリーン／RUHIA feat.可不,439
生き方を知らない / 可不,2293
血月夜 / Blood Moon Night feat.可不,199
クズになっていく feat.可不 / 水槽から見た景色,222
hanseibun / 可不（KAFU）【newtaro】,188
死望動機／可不,244
自傷行為と未成年 / ベガチック feat.可不,1290
am3:00,373
サイカ / ヱスfeat.可不,407
Foolish!Selfish? / 可不（KaFU）,163
独白体 - kafu,534
タダタダ/W.i.P feat.可不,140
Judah(feat.可不)/Project:NI_R,451
硝子の減衰 / 赤井翠 feat.可不(KAFU),189
オピュペポップ - 惰神メンディーネ feat. 可不,3813
【#ボカコレ2022春ルーキー】div ft. 可不【エレクトロスウィング/Electroswing】,170
Sakura Ghost/可不【ちょっとへんなの】,142
American Lemonade / feat.可不,481
フォーミュラ – 可不,479
ミュート/可不,650
Q'nel - 夜の街、一時 feat. 可不,5752
【可不/kafu】Paradox【しょう/syo】,422
Hello/本田あいるfeat.可不,679
やさしいうた / 可不,106
B級映画みたいな恋がしたい／アリ塚.feat可不,590
忘れ - 可不,187
Ad-Balloon/可不,1177
推死活,2555
マクベス(テイカP・佐籐祥タ) / 春は憂鬱 feat.可不 &amp; 初音ミク,167
雨降りとカレンダー_可不_メロディック,220
【ボカコレ2022春遅刻組】 ボカコレと僕の誕生日被った feat. 可不,205
仮想　KAFU WITH Lil-Will,26
べに／可不,70
【初音ミク＆可不】オーバードライヴ【オリジナル】,78
Remember me ◇◆◇ キネマ106 feat.可不,1699
サイダーダイバー(feat.可不),807
あたしは中学生。【可不オリジナル】,296
巡り逢うために / [1521] feat.可不,301
バズれ / Wakarimi Records feat.可不,226
可不／哀しいうた／オリジナル,90
春、紡いで / nodoka,583
月夜の隔世遺伝 feat. 可不,1560
アーメン・ナンマイダ・カンパイ！ / 可不,5469
アイニーヂュー - nino feat.可不(KAFU),423
その内輪ノリが嫌い / 可不ちゃん,125
ねむりにゆく＜Kafu＞【Song file: 05】,493
水匂う亡霊 - 子花 feat.可不(Kafu),147
夜顔先生 / 可不,235
隣の席のアルキメデス / 内緒のピアス feat.可不(KAFU),1140
はじまりの呪文／こがねむし feat.可不,1478
散って、夏 / feat. 可不,382
Unreal Staff #4「Unreal Life」feat.可不(KAFU),208
無力 / 可不 with チームひややっこ,5675
「だまってろよ。」可不◎,186
マホウ / feat. 可不and星界【オリジナル曲】,253
バーチャルウォール / 可不,84
【初投稿】Zombie feat. 可不 (KAFU) - Goat,1525
闇光/可不（KAFU）,168
カトレア / ウノカ feat.可不【オリジナル】,352
イリスの心臓 / 黒瓜丿美×可不(KAFU),273
サクラ / 可不,560
諦念退職 feat.可不&amp;初音ミク/ダー坊,64
【本人が歌ってみた】 虚偽ヲ裂く - 紛ゐモノ,494
アイミスユーは眠らない / 初音ミク &amp; 可不,597
悪友(Re) feat.可不,100
春に乗せて   /   可不,103
Waste/可不,241
一生布団で寝ていたい / 可不,371
ロス 可不(KAFU)【音楽的同位体可不】,31
新月のタンゴ / 蓮々 feat. 可不,1039
超電導ガール feat.可不,295
コミュニケーションエラー / 可不,6667
橙 - うしお ft.可不 [vocaloid ver.],170
メリーさんの棺 ／ 可不,131
嫌だね人生 - 可不,96
しんじゃうよ - 可不,92
ジュブナイル / 可不,973
独尊ドリーム / 可不 (KAFU),116
Visca -cocopovine- 『アスグモリ』-feat.可不,1591
ヨイノコトエリ/可不,560
【オリジナル曲MV】イトキリ(feat. 可不),686
SILENCE / Nanimono feat.可不,103
【MV】アナテマ／翔飛 feat.可不,67
桜華狂咲/JUN.ft可不,87
saikorobouya - サクラチル feat. 可不 | Official Music Video,207
グラウヌル / 可不,938
バッドダンスラビット/可不＆初音ミク,1511
Stuffy Room / つきなみ feat. 可不,189
仮想ヴィラン/可不。,164
Social Minority (ソーシャルマイノリティ) feat.こうまく,142
ノイズ ／早乙女久次郎 (feat. 可不),68
【可不】深化【オリジナル曲】,64
放課後ばたんきゅ～！(feat.可不星界) / 愛と砂糖と満月,505
すっぴん【可不】【オリジナル曲】【Cevio AI】,40
どないせっちゅうねんな / オグチライカ feat.可不,1375
パステルレモンミント／ゆるふわ820　feat.可不,1035
【オリジナル曲】リヒター-Richter/可不【CEVIO】,142
ニチジョウサバイバー (vocal 可不）/三面相,23
桜華狂咲/JUN.ft可不(KAFU)shrt,46
【にじさんじ】心躍る日々に【天宮こころ非公式イメージソング】(Vo : 可不),124
その軌道上に不備はない/倫太 feat.可不 初音ミク,1505
Gothic and Lolita feat. 可不,85
全部君のせいだ / Nanimono feat.可不,111
生きていてよ / 可不,2389
ZIGI / じん【Official MV】,48982
雨上がり/くろみうむ feet.可不,198
夢の後 / 可不,240
【可不・OИE】曖昧KING【オリジナル曲】,334
すべてのまぶしさについて / 可不,89
『ドール』/ 可不,384
フライングガール【可不】アニメMV,14347
ラクリマ【Lacrima】 / Qun feat.可不,88
月のウサギ,750
Perfect World / feat.可不,167
夏を解く / 烏兎徒然 feat.可不,128
杯中の花 / 可不,1032
【オリジナル曲】『そんなふうに言えたなら』可不(KAFU),352
黒の至福 / 可不,111
作曲RTAしてみた。,20
不安 / 可不,4233
雨についてはあまり考えたくないんだ / 可不,99
バニートラップ / かねこさん feat. 可不,6408
五月の朝 / ミヤジマタクヤ feat.可不,3269
Kafu - ぱラレル,6983
Voice / 可不,419
恋愛兵器！りーさるうぇぽんちゃん / feat.KAFU,29663
とあ - リセットなの。 - ft.可不,11135
KARMA - ft. Kafu,234
ジェロニモ / 可不,117
【#VocaDuo2022VV】花よ誰の - feat.可不,217
GW終了のお知らせ　feat. 可不,93
ブルーライナー / feat.可不,543
かたおもい / ルリラレロ feat.可不,681
絶対的洗脳唄 - 紛ゐモノ feat.可不,761
Vanish! / 杳井葱電 ft.可不,218
ドール　斬ってみた【ビートセイバーオリジナル譜面】,64
ヘテロシス feat.可不,464
飾窓 feat.可不【Musica Veronica】,10124
嘘って言って笑って / 可不,207
このまま　/　可不ちゃん&amp;ミクちゃん,214
じくじく / フテネ feat.可不,1173
皐月待つ。/ dschan feat.可不,118
変身 / 可不,17475
Clear Rain／RUHIA feat.可不,941
SCREAM / 可不,170
【ボカデュオ2022】ゆーあーまいん / のまぬこ(Nomanuko) feat.可不,94
【ボカデュオ2022】めへらどーる / のまぬこ(Nomanuko) feat.可不,131
大人になんかなりたくないし / 甘草 feat. 可不,227
センブンノ,19
雨雨降レ降レ振り振られ,8343
ミャゴラーレ / 可不（kafu）,3888
あまかけ  / はすふぃー - 可不kafu【オリジナル曲】,296
魔法の言葉と髑髏/本田あいるfeat.可不,139
ボカロPに大切なこと ／ 可不,1809
ガーリックブレッド/可不,87
傷つけている（feat.可不）,45
スコアサイン / 可不,270
幻を笑わないで - 可不,159
【裏バージョン】サイレンアブセンス  ft.可不　【表向き動画ではありません】,38
【裏設定あり】サイレンアブセンス  ft.可不　【歌詞の本当の意味は裏バージョンから】,237
ヴィトロー / しゃいと feat.可不,5173
Doll,65
【CeVIO AI】朝焼けの足跡 - 可不,43
『ヘルガ』Vo. 可不 - 眠れる重力,545
【可不】偽ライク│オリジナル曲,151
あたしワールド / コウ feat.可不,1203
【可不】 ハヤクネロ 2.0 / feat.可不 【ヘッドフォンガール】,810
真っ赤なメアリー／可不,1171
appy feat.可不「花図鑑」,13606
√ レプリカンドール / 可不,1658
パラディズム / Mogaki feat.可不,716
あの日を想い返す/feat.可不,143
アウェイガール / 可不,101
花一華_feat.可不(Original),263
どり～みん♡悪魔 / 眠飴くすり feat.可不,1009
きゅんしそうあい feat. 可不,200
月夜のカフェイン / つきなみ feat.可不,487
ないものねだり／可不,366
わかったふり feat .可不 / こどおじP,1307
情熱の残火、晩夏を待ちわびてfeat.可不,124
ふらりららりら／可不,229
大人になったよ -feat可不(KAFU),84
こわいもの feat.可不,412
うんざりラビリンス  /  可不,79
"火あぶり / VUG feat,可不 with アヒル",173
ブルーノート/UKYOU feat.可不,2896
偽りの仮面 / 可不,183
めがね/可不,174
踊る君を見てるダーク  可不(KAFU)【音楽的同位体可不】,99
つつじが丘／RUHIA feat.可不,1886
明日神様が死ぬのなら/IA&amp;KAFU,105
ヒトリセカイ　feat.可不,518
20日後の私 - feat.kafu(可不),478
独り - りねあ。 feat.可不,100
六感神経痛/可不,3692
ジョゼ - 綺麗だ (feat.可不),121
じゃんけんの理　/　可不ちゃん&amp;ミクちゃん,600
【可不】Break Me【オリジナル】,30
雨上がりの街、カフェで君を待つ　feat. KAFU,117
CANDY BOX / 可不,665
Bellflower＿可不聴,136
君へ  / 足軽まんfeat.可不,422
なたねあぶら - 花球 feat. 可不・初音ミク,1265
ハレー / いち野 feat.可不,1857
スランプ / naki.(なき) feat.可不,174
グラタン / 可不 (demo),60
世界の見方 / 可不,155
ウゾウムゾウ / feat. 可不 &amp;amp; 星界 【オリジナル曲】,363
My Destiny end roll / feat.可不,175
バケノカワ / 可不,83
『ないないないばあ - Hi-Fi P feat.可不』,72
サボテン / 可不 (demo),74
星のゆりかご/ endroll fanclub feat.可不,294
ストレンジラブ / 密室ノ恋 feat.可不,9782
｢夜に願いを｣ feat.可不,999
三度僕は、この春に溺れる。 / はすふぃー - 可不kafu【オリジナル曲】,451
【歌ってみた】CH4NGE【初心者】,24
浮遊惑星/可不,92
憂いfeat.可不【へぴっ】,692
しろくまリーチ,336
機械的な未開の世界 / feat.可不【音楽的同位体】,185
存在証明 / つかさfeat.可不,68
LOOP LOOP FOR YOU/可不,98
今日の僕、今日の君。 / feat. 可不【オリジナル曲】,89
可不がアイス食べるだけ,1061
深淵されどすがる閃光(Feat.可不)ー世明LuNa,22963
【CeVIO AI】終曲の檻 feat.可不【オリジナル曲】,64
【可不】砂漠シティ│オリジナル曲,168
【ゆっくり茶番劇】ゆっくりを営利目的で使ってたけどずうずうしく商標権を取得してはずかしいとも感じなくなりたい人の歌【可不オリジナル曲】,385
ネクラブストーリー  / 可不,88
"Ray feat.可不, 初音ミク - kotoba",4186
ステンドグラス・ランディング / maga feat.可不,207
キャンディーメイズ・クロニクル - 可不,3126
【血戦花】feat.可不【オリジナル曲】,128
夢想に咲くラミウム/可不,610
生きたいわけじゃない / 可不,90
新宿ぞんびぃ / オグチライカ feat.可不,712
I / OWAKARE ft.KAFU,220
【可不】 珈琲を一杯 【オリジナル】,446
勿忘草色の約束 / 可不,259
失恋証明 / 可不,87
サイダー  可不feat.初音ミク　,453
1 Task 2 Thread / feat.可不(KAFU),66
ヒビ (feat.可不) / Togo,522
ターミナルケア / 可不,4629
月散歩 / 可不,165
DOMINANT / 下書き。feat.知声、可不,321
Butterfly Effect City/可不 【三日月タロウ】,512
ダガー │しとお Vo.可不,2513
夜に咲く/モノオキP feat.可不(KAFU),126
【初投稿】君がいるだけで / モブA feat. 可不,547
着包み / 可不,5128
少女と魚 / 可不（KAFU）【newtaro】,305
後に続く者 / 可不,518
【ヲタ芸】ビカム陀仏 ／ ユリイ・カノン feat.可不【ぎん】,396
遠い街の君へ :|| 可不,82
サイミア / フテネ feat.可不,1303
可不/水平線上のブルー 【オリジナル曲】,312
白の魔女/深海象 feat.可不,6578
[オリジナル]_ほんの少しのお願い_可不{KAFU},68
USODAYO/アル feat.可不,123
no word 可不(KAFU)【音楽的同位体可不】,97
寝惚ミオクロニー / 可不,1260
曲 n 脳みそ0 feat.可不,162
僕にしか feat.可不,139
うるさいっ！！feat. KAFU,135
底 / 可不【オリジナル】,53
【オリジナル曲】『嫌いだ』可不(KAFU)（セルフカバーVer.）,173
ロンリイヱスケイプ / 可不,2145
物書き虫/蜜柑ゲノム　feat 可不様,125
可不さんが不満表明！〇葉よ聞け！ オリジナル曲(笑),200
「死体役」可不◎,234
チルドレンムーブ／早乙女久次郎 (feat. 可不),112
イマジナリーギターソロ / 可不,1059
ﾏﾁﾞ無理ﾘｽｶしょ…/うにfeat可不 MV,462
アイゼン / すぴ vo;可不,162
可不／穢れた世界にもたれあう僕ら／オリジナル,133
私雨 / 可不,334
【オリジナル曲】在宅DISCO【vo.可不】,1798
cinder / 可不,87
PCガール / 可不,96
ダメダメシア／可不,15514
エレファント・インザ・ミュージアム。feat.可不【A4。】,69378
現世からの逃避旅行 feat. 可不,1883
惡夢界隈/城京 feat.可不,2453
ちいさなふたり / 可不,9765
こぼしまくる醤油 feat.可不,58
寝っ転がりたい / 可不 (demo),42
恋愛環状線 / 可不,549
ヒロイン役の名前は消えた / OWAKARE ft.KAFU,387
【可不】DIVE【オリジナル】,114
パラソムニア / 戸次芽生 feat.可不,135
Sorry Not Sorry / 可不,184
ポップなキャンディーに埋もれたいわ feat. 初音ミク 可不 【MV】 ふるけ,241
【くるぴ】わたしのだーりん♡ feat.可不,88
CH4NGE（Giga）／かなたろ。【歌ってみた】,29
すれちがいミッドナイト / 可不,4951
完全七度 / いち野 feat.可不,1994
universe feat.可不,140
交錯 / 可不,639
【可不】【ユウキP✖︎村カルキ✖︎黒野京】『愛情は転移した』_現役医師ボカロPオリジナル_小説公開中,160133
Discord Noiz / 可不,255
若い戯言 feat.初音ミク＆可不＆v_Flower　【ボカロオリジナル曲】,87
【可不】Welcome to Halloween【オリジナル】,70
戯 - うしお ft.可不 [Pt.1/3],215
『のっとあ・うぃっち！』feat.可不,230
[♮] andromeda  / ルリラレロ feat.可不,703
倉井零 ‐ 今日を生きる君へ feat.可不,125
【可不】フレーム百景│オリジナル曲,81
キライ嫌いスマイル  / 可不,92
妄想なんかいらないよ！ / イチョウ feat.可不,793
解放 / 可不,69
なんとなく、どうしようもない。/ニート feat.可不,97
藤が丘／RUHIA feat.可不,205
cheer / nashinone feat. kafu,103
ヱンメイ / 可不,116
悪魔に花束を / 可不,164
Mihi loquere / YASAI SHOP・やみん feat. 可不,12492
ダーリンコントロール / StarTrine feat.可不,66
宝 - 可不,66
ローファイメモリー - 可不 + Ungifted,285
馴れ愛/可不,337
"夏風 / VUG feat,可不 with アヒル",126
【CeVIO AI 可不】Dancing【オリジナル】,66
M.O.B Feat可不,1051
かげろうガール/可不,145
SPYDER / すぴ vo;可不,166
永劫回帰 / feat.可不,154
【可不】五月病とかいうやつ【Nosokonoppi】,47
青春の1ページ / 可不,144
不可／可不,429
TEENAGER ROMANCE / みつば feat.可不,91
コーヒー牛乳 / 赤井翠 feat.可不(KAFU),106
「走ってる君たちへ」　,40
ベビィフェイス / 砂音ケイ feat.可不,87
Crush‼︎ feat. 可不,85
豆腐飽きた / 可不,225
可不 オリジナル「可不嬢が末広の午後に舞う」,53
薄紅コスモス【可不】【オリジナル曲】【Cevio AI】,47
夕刻のチャイム/可不。,960
一人暮らしに必要なもの / 可不,84
傘とニュートン / 内緒のピアス feat.可不(KAFU),5042
【オリジナル曲】『どうでもいい』可不(KAFU),256
生きてるって透明だ　feat.可不,78
妄言の指揮者(unfinished)　feat.可不＆星界,37
遺書 / 星界・可不,2501
天使のエゴイズム / 可不,5259
"ムラムラするわ / VUG feat,可不",96
CHASER / feat. 初音ミク &amp; 可不,1592
ねんごろ / 可不,160
Welcomeチクニーランド/可不,194
メンヘラリズム［精神疾患的律動］/可不,73
させて量産 feat.可不 -パンクス【MV】,151
ダリア / feat.可不,407
"イヤフォン / VUG feat,可不",130
君には才能しかなかった / dschan feat.可不,137
曖昧なミュージック - ハマダコウキ feat.可不,1454
えふ - Summer Daylight feat. 音楽的同位体 可不,91
わかりたいな。/ kafu,152
【オリジナル曲】Answer / 可不,16
『はるか/波瑠歌』キャットラビング/cat loving（cover: 可不/香椎モイミ）,38
パラプリュイ / 落下千尋 feat. 可不,10416
盲心少女　feat.可不,440
きゅうくらりん / いよわ - Joe. (Cover),50
溶けた足跡（feat.可不）,75
biomimicry / mawari feat. 可不(KAFU),4152
誤 - うしお ft.可不 [Pt.2/3],179
"トレイントレイン / VUG feat,可不",137
リリーヘイト / 可不,14777
┗|∵|┓可愛いねって言われちゃった／HoneyWorks feat. 可不,10911
不死身 / すぴ vo;可不,154
ねぇねぇぼうや『たべちゃうぞ！feat.可不』MV,850
OZ made no reply - 春幻 feat. 可不 (KAFU) (Music Video),2961
平凡キング  / 可不,91
焦り feat.可不,148
双星/芥田レンリ feat. 可不,1112
sky melody / ch1n0 feat.可不,202
僕じゃなくていいね / 可不,301
"カクテル / VUG feat,可不",91
ユウメイサカイ/可不（KAFU）,198
廃墟プラネタリウム /  feat.可不　,121
【オリジナル曲】Forked road / 可不,58
アンフィニア feat. 可不【 Chami 】,406
-Flare- / feat.可不,620
なたねあぶら - 一人きり、ダイアローグ feat. 可不,3407
雨果 × 可不 - 渦々,286
"推しチャイナ / VUG feat,可不",88
泡沫メトロ まぐのねfeat.初音ミク＆可不,856
全部壊してしまいたい/可不,109
夕に灼け／可不,625
【オリジナル曲】Holiday / 可不,61
『翼にかわるまで』 / みすゞアート feat. 可不,87
ユキ in the cloud 可不(KAFU)【音楽的同位体可不】,61
射る矢 - 可不(KAFU) オリジナル,422
「死にたい。訳がない。」　feat.可不,61
晴天に浮かぶ / 可不,133
噓つきな僕/Gensen.feat可不,64
"極夜 / VUG feat,可不",81
【可不】真っ白,54
"星の夢 - KAFU,初音ミク + Ungifted",408
ノイジートゥインクル / AMEZO feat.可不(KAFU),561
Kafu - 星が溢れた,2842
雨とドライブ -feat可不(KAFU),154
lien / 可不,219
"落ちちゃった / VUG feat,可不",102
雨ウレウ / 可不,186
えふ - Out into the universe feat. 音楽的同位体 可不(kafu),795
アイリスノヴァfeat.可不,1049
丁々発止 / リク feat. 可不,108
【オリジナル曲】Lie / 可不,75
レイニーガール/feat　可不,85
僕らは夜に住む/可不,3026
"地獄少女 / VUG feat,可不",83
Volatile Environment | 可不,105
【オリジナル】可不ちゃんに卵かけご飯のレシピを歌ってもらった,58
全部、めんどい/可不,401
夜繭/可不,122
なれのはて / 可不,187
幸福な降伏/可不,141
"salt rain / VUG feat,可不",102
春/可不,83
ねぇねぇぼうや『TOKYO千変万化feat.flower&amp;可不』MV,112
花曇り / 可不,318
逃げ水～2022 Style～／RUHIA feat.可不,164
【可不】僕よりも宙に近い星座のこと,236
『感情マニア』/  可不,333
ガオ / 謎のみ feat.可不,753
魔女と精霊の詩 / 可不・きりたん - Fty,8072
夏時雨 / 可不,1216
ミス・インビジブレス  / すぴ vo;可不,196
"アサシン / VUG feat,可不",67
無駄に音圧を上げるな（高ラウドネス版）/ feat.可不,167
無駄に音圧を上げるな / feat.可不【モミアゲヲ投稿祭】,344
明日使えない雑学のうたfeat.可不/金熊猫,166
新生活 / 可不,102
流れ星の願い - feat.kafu(可不),359
おれはおこったぜ / 薄塩指数 feat. 可不,7724
ニドネ・スミトー・サタデイ／可不,831
"某日 / VUG feat,可不",84
言葉のせいで / 可不(KAFU),786
世界は狂っている feat.可不,85
元カノにしないで／vo.可不,3042
Emill feat.可不 『亡霊』,202
VERMOUTH (ベルモット) - A lone wolf feat. 可不(KAFU),75
甘やかな毒 feat. 可不 (KAFU) - Goat,1892
トリッカー / 可不,140
浮上 feat. 可不/The Father as a Service,253
"Gaze / VUG feat,可不",105
夜にさがす / 可不,251
アンチ青春ガール/NAO3 feat.可不,165
認めてほしい／キャロライン feat.可不,393
声色 / ornot feat.可不(KAFU),834
オンリー・ワンス・パレード / 可不,94
オクトパス/ オクトP / Feat.KAFU,78
イケカテキャス主がフォニイを全力で歌ってみたW,51
"昆虫 / VUG feat,可不",173
インビジブルミラー / 葛駄夜音&amp;可不,660
黄昏と子守唄_可不_メロディック,94
ミュートエンドロールクレジット / 雨園ノノ feat.可不・小春六花,159
【可不】ここにいるよ【オリジナル】,126
飽食(Demo)  feat.可不(KAFU),83
バブちゃんなんだね / フグピアノ feat.可不,94
碧いシナスタジア/feat.可不,134
風月ステップガール / 3pic_dot feat.可不,577
雨降る街 / 可不,40
オッドファイス / 水面湊人 feat. 可不  MV,1854
Ninth / 蒼野みどりfeat.可不,427
夢の奴隷 / kafu,6671
カイバイ / はすふぃー - 可不kafu【オリジナル曲】,469
あいにく(Demo)  feat.可不(KAFU),208
【可不(KAFU)】ホタル【オリジナル】,155
【ずんだもん＆可不】雨にも負けず風にも負けず【オリジナル】,597
*ネアル・ミテリシャ【MV】‐ハイライト feat. KaFU／*Nearu・Miterisya‐ Highlight feat.KaFU,77
【オリジナル曲】Nostalgia / 可不,88
空を満たして／可不,36095
【リアレンジ】まばたきしてる間に 【可不&amp;ななり】,268
滅可/可不 [オリジナル],117
僕が手を引くその日まで/おくとfeat可不(KAFU),119
ビタいちもんめ / 可不,6634
501P - Rebellion feat.星界 可不,112
【オリジナル曲】Over / 可不,74
ストレート/可不,7060
Merely / dschan feat.可不,152
Demo Song,81
旅路は続く/feat.可不,127
可不 - 華奢な否嫌,107
ラグジュアリー/可不,84
【公式】OKA-Nyan「#himecut」 feat.可不【#2】,274
為 / 可不【オリジナル】,51
時雨心地 / 可不,152
【CeVIO弾き語り】ハナノネガイ【可不】,6692
夜光性  / 可不,117
雨のち好き  /  可不,224
【オリジナル曲】『大丈夫』可不(KAFU),375
ラヴィッツカットアップ / 可不,248
エロイーズ / コウ feat.さとうささら・可不,2722
sing reality (singularity) feat. 可不 - Neku,2038
夏恋 / かねこさん feat. 可不,2068
破廻衝動＿可不快,99
プール寒い,98
オーロラの歩調/氷正P feat.可不【オリジナル曲】,177
雨明け／早乙女久次郎 (feat. 可不),116
『わるいゆめ』 / みすゞアート feat. 可不,67
mabuta(Demo) feat.可不(KAFU),455
アボカドの夢/可不,178
【オリジナル曲】Question / 可不,76
横浜テールスライド / 可不,142
"悪臭 / VUG feat,可不",76
飴色の微熱 / 可不×歌愛ユキ,17087
ガブってこうぜ / タケノコ少年 feat. 可不,3898
現代っ子 / nes feat.可不,86
奇怪仕掛け/可不,64
落陽ダンス/可不,43
ヒネクレタラレバ Feat.知声＆可不,630
可不のカレーうどんのうた,103
【可不】ソラの鼓動【オリジナル】,107
【オリジナル】可不ちゃんにハンバーグのレシピを歌ってもらった,30
透明な時代の歌声で / feat.可不,127
劣等感/可不,185
Stay Alone / 鳴管テンシ feat.可不,222
ジョーカー×ジョーカー feat.可不 / MoNo.,25884
しじまに落ちて/ feat.可不【Music Video】,581
追いかけっこ / S星 feat. 可不(KAFU),46
カバーストーリー / feat. 可不,2487
可不 - ハッピーレイニーデイ,16731
おやすみフロントライン / Zenpsy feat. 可不 &amp; 小春六花,214
逆波 feat.可不 &amp; 星界（SEKAI）,178
生きることについて / 可不,712
オリジナル曲「壊れやすい恋だから」Feat.可不,90
忘れる夢たち,71
【オリジナル曲】Selection / 可不,90
(non)fiction -immersion-/可不,953
ゆめみるひつじ Sheep in Dream / 可不＆星界,150
宝石が降る夜 / 可不,67
キミは消えてしまうんだって feat.可不,202
生分解性ふぉーりんぐ / 可不,231
ドリームドラウン/ルベルP feat.可不【オリジナル曲】,171
【オリジナル曲】Unclear / 可不,69
私は私でありたい / 可不,179
午前4時、煙溶ける雨暁/miel feat.可不,25
"モルヒネ / VUG feat,可不",195
【MV】Antithese / はやと　feat.可不,155
曲線C / 可不,190
恋とはどんな味かしら / 可不,113
文学少女/可不,78
ボイス/可不,60
˚₊✩‧₊ 靈魂 / KAFU,45
【可不】八月、幻【オリジナル】,748
【オリジナル曲】 Voice / 可不,58
それでも生きてていいですか　/  feat. 可不,26339
水雲 1st Album「限界エモーション」クロスフェード動画,90
グラビティダンス ／ 可不,4883
プライドライド - ヒズミ零 feat.可不,276
CeVIOオリジナル曲『生きたい理由で繋がりたい』可不,526
ヘンテコプロット / 可不 (demo),44
黒板消し係の幽ちゃん / すぴ vo;可不,183
キッズを食い物にしてきた老いぼれの葛藤 / 可不（KAFU）,34
reencounter // otariyo feat. 初音ミク &amp; 可不,102
ないとめあ/ 淡村feat可不,444
「幸せなうちに死ねたら」黒咲 feat.可不(KAFU),61
鈍感 / 可不,2492
レゾナンス feat.可不 / kuri,212
UFO feat.可不 - kotoba,1110
並行世界変換記 (Feat.可不)-世明LuNa,34646
【歌詞統一祭】　朱一閃 - ゲリラ豪雨雷光 feat.可不,78
感傷メーデー / 可不,895
OZ made no reply - 花咲きて feat. 可不 (KAFU) (Music Video),204
宵酔い / 可不,901
エテェネル/ぷっぷ feat. 可不,324
きゃらめる＋りぼん feat.可不,125
ざぁこ♡ざぁこ♡/可不,71
【オリジナル曲】 XⅡ / 可不,63
ジブラ 歌ってみた、はぐ。,4134
断末魔 / 可不,200
カーリーガール  / 春風ハンナ  feat. 可不,456
空の青さがどうでもよくなった  / カフネコ feat. 可不と知声,152
愛してるふっふー / 可不,71
雨上がりに少女/feat.可不,618
普通の人にはなれないけれど／キャロライン feat.可不,69
春告げ龍 feat. 可不 - おゆひよこ,107
Rowiger/ver.メグは空を見る feat.可不【歌詞統一祭2022夏】,57
【1st EP】死なない人たち / reinou【XFD】,117
それでも生きてていいですか　/ feat. 可不　【ボイストレーナーが歌ってみた】（covered by たこちーず）,393
ラルヴァ / KAFU・flower,893
キミの指毛　feat. 可不,99
アクリル板とセーラー服／可不,292
行方不明の君を探して(Re) feat.可不,110
【歌詞統一祭】Rowiger / PiroP feat.可不【ボカロオリジナル曲】,310
˚₊✩‧₊ 削除 ( delete ) / KAFU,66
可不 - 勇気のその先 (オリジナル曲),101
ひまわりの星 / 可不(kafu),112
バイト辞めます　可不　/　U6gumo ft.Kahu,63
明日吹く風  ～White  Wind～ / 悠 feat. 可不,1451
Rowiger / feat. 可不,92
ラブソング / ロクガツ　feat.可不,936
自由番線 / 猫塚大翔 feat.可不 （ Track No.Freedom / Nekozuka Taiga feat.KAFU ),2417
紫陽花/可不,594
【オリジナル曲】 Zero / 可不,254
Automatisme / 可不,4518
邪道 / 可不,113
あの頃 / 可不,106
ドリーマー/可不,48
【歌ってみた】ジブラ / すりぃ　cover：のこっち,744
縁日 / StarTrine feat.可不,69
愛sotope / 今夜 feat.可不,452
メローワールド　/ feat.可不,881
バーチャル・イミテーション / 可不,130
ひみつのティックちゃん / ナサガシ feat.可不,2743
ムーンライト feat. 可不,8581
宵、紛れる画家の詩 feat. 可不,2044
炎天のフィリア / 可不 [オリジナル],71
『メヌエッテ』可不 【official video】,152
【可不】氷づけの記憶 / ラムナ,105
羊の夢 / 可不,691
残暑 / 可不,86
かふねこ / 可不,138
寝 / 可不,906
リナリアの奇跡 / Yu zendo(YuzP) feat.可不,89
negoto / 独り言 feat 可不,43
【歌詞統一祭】Rowiger / PiroP feat.Solaria【ボカロオリジナル曲】,66
フィッシュ / 可不,11995
軌道転向 - Yume Nii feat. KAFU ✕ v flower,92
ヒグラシの病人 feat.可不,703
"EP 『海と影法師』feat.可不,Watames クロスフェード",9
うわごと/ 可不,76
